{
	"z_coordinates": [[0.25, -1.0], [0.5, -1.0], [0.75, -1.0], [1.0, -1.0], [1.25, -1.0], [0.25, -0.5], [0.5, -0.5], [0.75, -0.5], [1.0, -0.5], [1.25, -0.5], [0.25, 0.0], [0.5, 0.0], [0.75, 0.0], [1.0, 0.0], [1.25, 0.0], [0.25, 0.5], [0.5, 0.5], [0.75, 0.5], [1.0, 0.5], [1.25, 0.5], [0.25, 1.0], [0.5, 1.0], [0.75, 1.0], [1.0, 1.0], [1.25, 1.0]], 
	"w_coordinates": [[0.0, 0.0], [0.0, 0.12566370614359174], [0.0, 0.25132741228718347], [0.0, 0.3769911184307752], [0.0, 0.5026548245743669], [0.0, 0.6283185307179586], [0.0, 0.7539822368615504], [0.0, 0.8796459430051422], [0.0, 1.0053096491487339], [0.0, 1.1309733552923256], [0.0, 1.2566370614359172], [0.0, 1.3823007675795091], [0.0, 1.5079644737231008], [0.0, 1.6336281798666925], [0.0, 1.7592918860102844], [0.0, 1.884955592153876], [0.0, 2.0106192982974678], [0.0, 2.1362830044410597], [0.0, 2.261946710584651], [0.0, 2.387610416728243], [0.0, 2.5132741228718345], [0.0, 2.6389378290154264], [0.0, 2.7646015351590183], [0.0, 2.8902652413026098], [0.0, 3.0159289474462017], [0.0, 3.1415926535897936], [0.0, 3.267256359733385], [0.0, 3.392920065876977], [0.0, 3.518583772020569], [0.0, 3.6442474781641603], [0.0, 3.769911184307752], [0.0, 3.8955748904513436], [0.0, 4.0212385965949355], [0.0, 4.1469023027385274], [0.0, 4.272566008882119], [0.0, 4.39822971502571], [0.0, 4.523893421169302], [0.0, 4.649557127312894], [0.0, 4.775220833456486], [0.0, 4.900884539600078], [0.0, 5.026548245743669], [0.0, 5.152211951887261], [0.0, 5.277875658030853], [0.0, 5.403539364174445], [0.0, 5.529203070318037], [0.0, 5.6548667764616285], [0.0, 5.7805304826052195], [0.0, 5.906194188748811], [0.0, 6.031857894892403], [0.0, 6.157521601035995]], 
	"z_strategy": ["behind", "centered"], 
	"w_strategy": ["inner_relative", null]
}
